MSOA_code,MSOA_name,Local_authority_code,Local_authority_name,2012_annual,2014_annual,2016_annual,2018_annual
E02000001,City of London 001,E09000001,City of London,65000,65000,79700,65400
E02000002,Barking and Dagenham 001,E09000002,Barking and Dagenham,32760,34320,38600,39000
E02000003,Barking and Dagenham 002,E09000002,Barking and Dagenham,40560,39000,46400,47800
E02000004,Barking and Dagenham 003,E09000002,Barking and Dagenham,38480,40560,45300,43700
E02000005,Barking and Dagenham 004,E09000002,Barking and Dagenham,37440,35360,41000,44900
E02000007,Barking and Dagenham 006,E09000002,Barking and Dagenham,33800,32240,36200,38000
E02000008,Barking and Dagenham 007,E09000002,Barking and Dagenham,32760,32760,35600,40900
E02000009,Barking and Dagenham 008,E09000002,Barking and Dagenham,34320,35880,37800,42300
E02000010,Barking and Dagenham 009,E09000002,Barking and Dagenham,34320,36920,39500,40000
E02000011,Barking and Dagenham 010,E09000002,Barking and Dagenham,40040,37440,43500,45000
E02000012,Barking and Dagenham 011,E09000002,Barking and Dagenham,44720,44200,50800,46700
E02000013,Barking and Dagenham 012,E09000002,Barking and Dagenham,36400,36920,39100,39400
E02000014,Barking and Dagenham 013,E09000002,Barking and Dagenham,34320,34320,38100,39900
E02000015,Barking and Dagenham 014,E09000002,Barking and Dagenham,32760,32240,38800,36400
E02000016,Barking and Dagenham 015,E09000002,Barking and Dagenham,39000,33800,41400,48600
E02000017,Barking and Dagenham 016,E09000002,Barking and Dagenham,42120,41600,49100,49900
E02000018,Barking and Dagenham 017,E09000002,Barking and Dagenham,34840,33280,35800,39500
E02000019,Barking and Dagenham 018,E09000002,Barking and Dagenham,37960,38480,40100,42200
E02000020,Barking and Dagenham 019,E09000002,Barking and Dagenham,34320,33800,40700,42500
E02000021,Barking and Dagenham 020,E09000002,Barking and Dagenham,36400,35360,38800,42300
E02000022,Barking and Dagenham 021,E09000002,Barking and Dagenham,32240,29640,34100,44200
E02000023,Barking and Dagenham 022,E09000002,Barking and Dagenham,34840,31200,35400,42300
E02000024,Barnet 001,E09000003,Barnet,54600,58760,63400,60200
E02000025,Barnet 002,E09000003,Barnet,46800,51480,49900,55400
E02000026,Barnet 003,E09000003,Barnet,50960,54080,54700,54900
E02000027,Barnet 004,E09000003,Barnet,41600,42640,47000,50100
E02000028,Barnet 005,E09000003,Barnet,55120,60840,55500,61700
E02000029,Barnet 006,E09000003,Barnet,47840,48360,48200,55500
E02000030,Barnet 007,E09000003,Barnet,53040,57720,59400,58000
E02000031,Barnet 008,E09000003,Barnet,53560,56160,56400,58400
E02000032,Barnet 009,E09000003,Barnet,56160,55640,56000,59600
E02000033,Barnet 010,E09000003,Barnet,43680,46800,48600,51100
E02000034,Barnet 011,E09000003,Barnet,49920,49920,51100,52200
E02000035,Barnet 012,E09000003,Barnet,48360,52000,52100,54500
E02000036,Barnet 013,E09000003,Barnet,49920,49920,49700,53800
E02000037,Barnet 014,E09000003,Barnet,53040,54080,55900,56300
E02000038,Barnet 015,E09000003,Barnet,47840,53040,55000,54300
E02000039,Barnet 016,E09000003,Barnet,59280,61360,63000,67000
E02000040,Barnet 017,E09000003,Barnet,47320,49400,55100,55000
E02000041,Barnet 018,E09000003,Barnet,46280,49920,47600,51300
E02000042,Barnet 019,E09000003,Barnet,45240,52000,50900,51100
E02000043,Barnet 020,E09000003,Barnet,66560,70720,69600,65800
E02000044,Barnet 021,E09000003,Barnet,42640,47320,48900,49400
E02000045,Barnet 022,E09000003,Barnet,44200,46800,48900,49800
E02000046,Barnet 023,E09000003,Barnet,54600,57200,55500,60600
E02000047,Barnet 024,E09000003,Barnet,35360,39000,44400,43800
E02000048,Barnet 025,E09000003,Barnet,57720,56680,55000,58700
E02000049,Barnet 026,E09000003,Barnet,35360,35880,36100,43400
E02000050,Barnet 027,E09000003,Barnet,47840,51480,50000,53100
E02000051,Barnet 028,E09000003,Barnet,52520,54080,51200,58600
E02000052,Barnet 029,E09000003,Barnet,52520,58240,60700,58600
E02000053,Barnet 030,E09000003,Barnet,42120,44720,47900,51100
E02000054,Barnet 031,E09000003,Barnet,49400,54600,52500,57000
E02000055,Barnet 032,E09000003,Barnet,45240,48360,48800,50400
E02000056,Barnet 033,E09000003,Barnet,67600,67080,82600,71600
E02000057,Barnet 034,E09000003,Barnet,54600,56680,53700,54400
E02000058,Barnet 035,E09000003,Barnet,62400,61360,57700,58800
E02000059,Barnet 036,E09000003,Barnet,36400,40560,44100,46900
E02000060,Barnet 037,E09000003,Barnet,55120,53040,48800,49600
E02000061,Barnet 038,E09000003,Barnet,59280,63960,55900,65500
E02000062,Barnet 039,E09000003,Barnet,40040,44720,40500,45400
E02000063,Barnet 040,E09000003,Barnet,46280,49400,46300,54200
E02000064,Barnet 041,E09000003,Barnet,43160,45240,45500,50100
E02000065,Bexley 001,E09000004,Bexley,47320,41600,44100,49800
E02000066,Bexley 002,E09000004,Bexley,35360,36400,37700,41400
E02000067,Bexley 003,E09000004,Bexley,37960,39520,41000,45700
E02000068,Bexley 004,E09000004,Bexley,39000,37960,40900,45100
E02000069,Bexley 005,E09000004,Bexley,40040,42120,44100,45800
E02000070,Bexley 006,E09000004,Bexley,44200,46280,50900,50100
E02000071,Bexley 007,E09000004,Bexley,42640,47840,46800,51300
E02000072,Bexley 008,E09000004,Bexley,35880,35360,40000,44200
E02000073,Bexley 009,E09000004,Bexley,47320,51480,57900,57600
E02000074,Bexley 010,E09000004,Bexley,35360,37960,39900,44900
E02000075,Bexley 011,E09000004,Bexley,44720,52000,51000,53500
E02000077,Bexley 013,E09000004,Bexley,44200,46800,53000,51300
E02000078,Bexley 014,E09000004,Bexley,47320,52520,52000,55200
E02000079,Bexley 015,E09000004,Bexley,44200,49920,48500,49900
E02000080,Bexley 016,E09000004,Bexley,42640,46280,48400,50600
E02000081,Bexley 017,E09000004,Bexley,41600,46280,48200,51400
E02000082,Bexley 018,E09000004,Bexley,46800,52000,54500,58700
E02000083,Bexley 019,E09000004,Bexley,41080,42120,44700,49600
E02000084,Bexley 020,E09000004,Bexley,47840,52520,55900,54000
E02000085,Bexley 021,E09000004,Bexley,44720,48360,51700,51000
E02000086,Bexley 022,E09000004,Bexley,50440,54600,55700,56500
E02000087,Bexley 023,E09000004,Bexley,50960,56160,58100,61700
E02000088,Bexley 024,E09000004,Bexley,47840,54080,60900,59400
E02000089,Bexley 025,E09000004,Bexley,47840,53560,59600,59300
E02000090,Bexley 026,E09000004,Bexley,40040,44720,50000,48100
E02000091,Bexley 027,E09000004,Bexley,42640,47840,48700,50500
E02000092,Bexley 028,E09000004,Bexley,40040,41080,42700,43600
E02000093,Brent 001,E09000005,Brent,45760,46280,50800,50200
E02000094,Brent 002,E09000005,Brent,45760,47320,47900,48300
E02000095,Brent 003,E09000005,Brent,43160,45240,50000,50900
E02000096,Brent 004,E09000005,Brent,55640,58760,55800,60700
E02000097,Brent 005,E09000005,Brent,42120,45240,48400,50000
E02000098,Brent 006,E09000005,Brent,47840,46800,46500,47800
E02000099,Brent 007,E09000005,Brent,49920,49400,49200,57200
E02000100,Brent 008,E09000005,Brent,55120,60320,53800,61900
E02000101,Brent 009,E09000005,Brent,37960,40040,39800,47200
E02000102,Brent 010,E09000005,Brent,38480,38480,41900,43400
E02000103,Brent 011,E09000005,Brent,39520,40040,41900,45900
E02000104,Brent 012,E09000005,Brent,43160,46280,47500,50800
E02000105,Brent 013,E09000005,Brent,44200,44720,48400,50600
E02000106,Brent 014,E09000005,Brent,40560,39000,38200,46400
E02000107,Brent 015,E09000005,Brent,43680,46280,45700,50600
E02000108,Brent 016,E09000005,Brent,43160,46280,42700,50900
E02000109,Brent 017,E09000005,Brent,42640,46280,46100,52500
E02000110,Brent 018,E09000005,Brent,48360,50440,50100,52600
E02000111,Brent 019,E09000005,Brent,41080,46800,46500,47800
E02000112,Brent 020,E09000005,Brent,40560,44200,43800,50200
E02000113,Brent 021,E09000005,Brent,31200,32760,36100,40900
E02000114,Brent 022,E09000005,Brent,43680,45240,42900,50400
E02000115,Brent 023,E09000005,Brent,43160,50440,48400,50600
E02000116,Brent 024,E09000005,Brent,34320,36920,36000,43400
E02000117,Brent 025,E09000005,Brent,30680,29640,34100,38400
E02000118,Brent 026,E09000005,Brent,39000,42120,44800,48900
E02000119,Brent 027,E09000005,Brent,32240,34320,38200,39000
E02000120,Brent 028,E09000005,Brent,45760,49400,47800,51900
E02000121,Brent 029,E09000005,Brent,41600,44200,44100,51400
E02000122,Brent 030,E09000005,Brent,50440,54600,55900,54700
E02000123,Brent 031,E09000005,Brent,34320,32240,34200,44000
E02000124,Brent 032,E09000005,Brent,52520,55120,53000,53700
E02000125,Brent 033,E09000005,Brent,47320,48360,50300,52500
E02000126,Brent 034,E09000005,Brent,31200,32760,36300,41300
E02000127,Bromley 001,E09000006,Bromley,37440,37960,41700,45800
E02000128,Bromley 002,E09000006,Bromley,48360,50960,57300,55000
E02000130,Bromley 004,E09000006,Bromley,48880,50960,51500,55200
E02000131,Bromley 005,E09000006,Bromley,43680,44720,43900,54200
E02000132,Bromley 006,E09000006,Bromley,47840,50960,53700,56300
E02000133,Bromley 007,E09000006,Bromley,60840,66040,75200,72000
E02000134,Bromley 008,E09000006,Bromley,46280,51480,53400,56100
E02000135,Bromley 009,E09000006,Bromley,31200,36400,37500,43100
E02000136,Bromley 010,E09000006,Bromley,42640,45760,52300,52400
E02000137,Bromley 011,E09000006,Bromley,52520,57200,56900,60300
E02000138,Bromley 012,E09000006,Bromley,54080,59800,65000,60200
E02000139,Bromley 013,E09000006,Bromley,53040,58760,57200,61300
E02000140,Bromley 014,E09000006,Bromley,34320,35880,38700,42300
E02000141,Bromley 015,E09000006,Bromley,47320,47840,48700,55700
E02000142,Bromley 016,E09000006,Bromley,56680,61880,61300,62900
E02000144,Bromley 018,E09000006,Bromley,59800,61360,60200,63100
E02000145,Bromley 019,E09000006,Bromley,35880,37440,44700,43200
E02000146,Bromley 020,E09000006,Bromley,47320,51480,56800,60500
E02000147,Bromley 021,E09000006,Bromley,61360,63960,69500,64600
E02000148,Bromley 022,E09000006,Bromley,56680,61360,67600,63800
E02000149,Bromley 023,E09000006,Bromley,41080,43160,46900,49300
E02000150,Bromley 024,E09000006,Bromley,52000,59280,61100,58300
E02000151,Bromley 025,E09000006,Bromley,58240,62920,74900,70400
E02000152,Bromley 026,E09000006,Bromley,39520,44720,47900,47700
E02000153,Bromley 027,E09000006,Bromley,57200,68120,71300,61600
E02000154,Bromley 028,E09000006,Bromley,50960,55640,57300,59500
E02000155,Bromley 029,E09000006,Bromley,42120,45240,47900,50900
E02000156,Bromley 030,E09000006,Bromley,51480,55640,60900,57200
E02000157,Bromley 031,E09000006,Bromley,53560,59280,73000,66900
E02000158,Bromley 032,E09000006,Bromley,46800,46800,53300,55700
E02000159,Bromley 033,E09000006,Bromley,54080,58760,70100,67300
E02000160,Bromley 034,E09000006,Bromley,53040,55640,61400,61700
E02000161,Bromley 035,E09000006,Bromley,54600,58240,66200,61600
E02000162,Bromley 036,E09000006,Bromley,45240,47320,50700,50500
E02000163,Bromley 037,E09000006,Bromley,54600,57720,62000,59300
E02000165,Bromley 039,E09000006,Bromley,52000,53040,59200,60700
E02000166,Camden 001,E09000007,Camden,52000,55640,55000,52900
E02000167,Camden 002,E09000007,Camden,76960,74880,81600,68200
E02000168,Camden 003,E09000007,Camden,55640,62400,58100,57000
E02000169,Camden 004,E09000007,Camden,69160,71760,75900,67300
E02000170,Camden 005,E09000007,Camden,64480,63960,65400,60500
E02000171,Camden 006,E09000007,Camden,58240,61360,56500,58200
E02000172,Camden 007,E09000007,Camden,36400,41600,41600,45600
E02000173,Camden 008,E09000007,Camden,70200,70720,72200,65500
E02000174,Camden 009,E09000007,Camden,47320,52520,50300,50900
E02000175,Camden 010,E09000007,Camden,58760,62400,59300,64100
E02000176,Camden 011,E09000007,Camden,69680,72800,70000,65400
E02000177,Camden 012,E09000007,Camden,40040,46280,44700,48200
E02000178,Camden 013,E09000007,Camden,43680,45240,43800,51400
E02000179,Camden 014,E09000007,Camden,56160,53040,56400,55700
E02000180,Camden 015,E09000007,Camden,44720,46800,49000,48800
E02000181,Camden 016,E09000007,Camden,67600,69680,62400,67400
E02000182,Camden 017,E09000007,Camden,53560,57200,63100,60900
E02000183,Camden 018,E09000007,Camden,54080,54600,64600,54500
E02000184,Camden 019,E09000007,Camden,37440,43160,50600,48500
E02000185,Camden 020,E09000007,Camden,35880,38480,45700,45700
E02000186,Camden 021,E09000007,Camden,45240,52000,52500,51300
E02000187,Camden 022,E09000007,Camden,31200,35360,41200,40700
E02000188,Camden 023,E09000007,Camden,32240,37960,40600,41300
E02000189,Camden 024,E09000007,Camden,35880,40040,44300,42300
E02000190,Camden 025,E09000007,Camden,34320,40560,41300,38500
E02000191,Camden 026,E09000007,Camden,42640,50440,57700,46800
E02000192,Camden 027,E09000007,Camden,40560,43680,50600,50000
E02000193,Camden 028,E09000007,Camden,45240,52000,59000,50200
E02000194,Croydon 001,E09000008,Croydon,46280,46280,47700,54100
E02000195,Croydon 002,E09000008,Croydon,50440,49400,49500,58200
E02000196,Croydon 003,E09000008,Croydon,44720,48360,46400,54100
E02000197,Croydon 004,E09000008,Croydon,43160,43160,44700,53100
E02000198,Croydon 005,E09000008,Croydon,38480,39520,40800,44900
E02000199,Croydon 006,E09000008,Croydon,45760,47840,46400,53400
E02000200,Croydon 007,E09000008,Croydon,41080,39520,45200,51400
E02000201,Croydon 008,E09000008,Croydon,34840,33280,41700,45200
E02000202,Croydon 009,E09000008,Croydon,43160,43680,44000,51500
E02000203,Croydon 010,E09000008,Croydon,37440,35880,42800,44900
E02000204,Croydon 011,E09000008,Croydon,44200,45760,45700,49000
E02000206,Croydon 013,E09000008,Croydon,36920,35880,38700,45400
E02000207,Croydon 014,E09000008,Croydon,40560,42120,44400,50500
E02000208,Croydon 015,E09000008,Croydon,32760,33280,39100,46100
E02000209,Croydon 016,E09000008,Croydon,42120,40040,44000,48600
E02000210,Croydon 017,E09000008,Croydon,48880,51480,46800,56400
E02000211,Croydon 018,E09000008,Croydon,47840,52520,52400,56200
E02000212,Croydon 019,E09000008,Croydon,37960,40560,42600,45800
E02000213,Croydon 020,E09000008,Croydon,34320,35360,40200,46000
E02000214,Croydon 021,E09000008,Croydon,53040,55640,57600,59100
E02000215,Croydon 022,E09000008,Croydon,43160,44720,49700,50700
E02000216,Croydon 023,E09000008,Croydon,55640,59280,55800,58200
E02000217,Croydon 024,E09000008,Croydon,42640,41600,43000,52700
E02000218,Croydon 025,E09000008,Croydon,48360,44720,46200,52300
E02000219,Croydon 026,E09000008,Croydon,52000,54600,57500,60800
E02000220,Croydon 027,E09000008,Croydon,40560,45240,46100,51400
E02000221,Croydon 028,E09000008,Croydon,41600,41600,42300,47600
E02000222,Croydon 029,E09000008,Croydon,53560,57720,53100,61500
E02000223,Croydon 030,E09000008,Croydon,34840,35360,33300,39600
E02000224,Croydon 031,E09000008,Croydon,51480,49920,54300,62300
E02000225,Croydon 032,E09000008,Croydon,36920,43680,39800,44400
E02000226,Croydon 033,E09000008,Croydon,54600,57720,61100,62800
E02000227,Croydon 034,E09000008,Croydon,44720,48360,48000,54400
E02000228,Croydon 035,E09000008,Croydon,60840,66560,66900,66500
E02000229,Croydon 036,E09000008,Croydon,32240,36400,36400,40100
E02000230,Croydon 037,E09000008,Croydon,53040,52520,57700,58600
E02000231,Croydon 038,E09000008,Croydon,60320,66040,66300,67500
E02000232,Croydon 039,E09000008,Croydon,49920,52520,53900,58700
E02000233,Croydon 040,E09000008,Croydon,50960,53040,54700,60700
E02000234,Croydon 041,E09000008,Croydon,53040,50960,54400,59400
E02000235,Croydon 042,E09000008,Croydon,58240,59800,61300,63800
E02000236,Croydon 043,E09000008,Croydon,58760,59800,62400,63300
E02000237,Croydon 044,E09000008,Croydon,46280,51480,53900,53700
E02000238,Ealing 001,E09000009,Ealing,45760,48360,48100,50600
E02000239,Ealing 002,E09000009,Ealing,49400,51480,53100,54000
E02000240,Ealing 003,E09000009,Ealing,37960,38480,44000,45700
E02000241,Ealing 004,E09000009,Ealing,46800,48360,48000,53500
E02000242,Ealing 005,E09000009,Ealing,44200,50960,49800,52900
E02000243,Ealing 006,E09000009,Ealing,42640,46800,45500,52300
E02000244,Ealing 007,E09000009,Ealing,47840,48880,48900,53900
E02000245,Ealing 008,E09000009,Ealing,33280,34840,39700,41500
E02000246,Ealing 009,E09000009,Ealing,36920,36920,44500,42800
E02000247,Ealing 010,E09000009,Ealing,38480,37440,46700,44800
E02000248,Ealing 011,E09000009,Ealing,49920,54600,48800,56800
E02000249,Ealing 012,E09000009,Ealing,40560,44720,45300,47700
E02000250,Ealing 013,E09000009,Ealing,68120,69680,65200,73200
E02000251,Ealing 014,E09000009,Ealing,46280,48360,48700,50800
E02000252,Ealing 015,E09000009,Ealing,42640,47320,37500,51800
E02000253,Ealing 016,E09000009,Ealing,35360,37960,42600,44000
E02000254,Ealing 017,E09000009,Ealing,44200,44720,47700,47700
E02000255,Ealing 018,E09000009,Ealing,54080,53040,54700,59000
E02000256,Ealing 019,E09000009,Ealing,59280,60840,60400,64800
E02000257,Ealing 020,E09000009,Ealing,59280,62400,60500,62800
E02000258,Ealing 021,E09000009,Ealing,50440,49920,54000,55100
E02000259,Ealing 022,E09000009,Ealing,56160,62920,54600,60200
E02000260,Ealing 023,E09000009,Ealing,41600,42640,46400,46400
E02000261,Ealing 024,E09000009,Ealing,44200,47840,43800,50200
E02000262,Ealing 025,E09000009,Ealing,41600,45240,47400,48500
E02000263,Ealing 026,E09000009,Ealing,39520,40040,45600,42200
E02000264,Ealing 027,E09000009,Ealing,57720,56160,58400,58600
E02000265,Ealing 028,E09000009,Ealing,43160,44720,51400,54900
E02000266,Ealing 029,E09000009,Ealing,36400,36920,39300,45500
E02000267,Ealing 030,E09000009,Ealing,50440,53560,52200,54100
E02000268,Ealing 031,E09000009,Ealing,54080,58240,58300,56900
E02000269,Ealing 032,E09000009,Ealing,63960,70720,65600,72200
E02000270,Ealing 033,E09000009,Ealing,35360,37440,43000,45000
E02000271,Ealing 034,E09000009,Ealing,72280,70720,69200,72900
E02000272,Ealing 035,E09000009,Ealing,59280,61360,61200,63600
E02000274,Ealing 037,E09000009,Ealing,38480,40040,43200,45400
E02000275,Ealing 038,E09000009,Ealing,38480,41600,45800,46100
E02000276,Ealing 039,E09000009,Ealing,61880,62920,64600,65700
E02000277,Enfield 001,E09000010,Enfield,39520,40560,44800,46000
E02000278,Enfield 002,E09000010,Enfield,34320,35360,41500,39700
E02000279,Enfield 003,E09000010,Enfield,38480,36400,44200,45800
E02000280,Enfield 004,E09000010,Enfield,44200,46280,50100,50600
E02000281,Enfield 005,E09000010,Enfield,39520,40560,44400,43800
E02000282,Enfield 006,E09000010,Enfield,32760,31720,37200,38300
E02000283,Enfield 007,E09000010,Enfield,40040,39000,41800,44300
E02000284,Enfield 008,E09000010,Enfield,48360,49920,52100,55200
E02000285,Enfield 009,E09000010,Enfield,50440,57200,55800,59500
E02000286,Enfield 010,E09000010,Enfield,47840,53560,51500,54900
E02000287,Enfield 011,E09000010,Enfield,49400,54080,60300,52800
E02000288,Enfield 012,E09000010,Enfield,36400,34840,43800,41100
E02000289,Enfield 013,E09000010,Enfield,51480,55640,56000,59200
E02000290,Enfield 014,E09000010,Enfield,32760,30160,38700,38700
E02000291,Enfield 015,E09000010,Enfield,41600,40560,46600,49900
E02000292,Enfield 016,E09000010,Enfield,44720,45760,48200,51700
E02000293,Enfield 017,E09000010,Enfield,53560,61360,61200,65200
E02000294,Enfield 018,E09000010,Enfield,37440,37440,43100,40800
E02000295,Enfield 019,E09000010,Enfield,49400,49920,52400,61700
E02000296,Enfield 020,E09000010,Enfield,42120,46800,45100,47600
E02000297,Enfield 021,E09000010,Enfield,50960,54600,53100,56700
E02000298,Enfield 022,E09000010,Enfield,58760,59800,61900,62600
E02000299,Enfield 023,E09000010,Enfield,35880,36400,42800,40300
E02000300,Enfield 024,E09000010,Enfield,38480,41080,41100,42400
E02000301,Enfield 025,E09000010,Enfield,32240,32760,35700,38100
E02000302,Enfield 026,E09000010,Enfield,43680,43160,49100,48600
E02000303,Enfield 027,E09000010,Enfield,32760,35360,38300,39600
E02000304,Enfield 028,E09000010,Enfield,58240,61880,59400,61300
E02000305,Enfield 029,E09000010,Enfield,48880,52520,54000,55700
E02000306,Enfield 030,E09000010,Enfield,28600,28600,35500,36000
E02000307,Enfield 031,E09000010,Enfield,41080,42640,46800,46200
E02000308,Enfield 032,E09000010,Enfield,43160,49920,45900,52600
E02000309,Enfield 033,E09000010,Enfield,35360,35880,37300,40700
E02000311,Enfield 035,E09000010,Enfield,38480,42120,40600,45900
E02000312,Enfield 036,E09000010,Enfield,45760,52000,52000,52200
E02000313,Greenwich 001,E09000011,Greenwich,35880,35880,37900,43500
E02000314,Greenwich 002,E09000011,Greenwich,45240,35360,46900,49700
E02000315,Greenwich 003,E09000011,Greenwich,36920,36400,35300,41900
E02000316,Greenwich 004,E09000011,Greenwich,40040,41600,45200,52000
E02000317,Greenwich 005,E09000011,Greenwich,35880,36400,36700,43500
E02000318,Greenwich 006,E09000011,Greenwich,38480,36920,35300,43900
E02000319,Greenwich 007,E09000011,Greenwich,40560,36920,40300,48200
E02000320,Greenwich 008,E09000011,Greenwich,41080,41080,43800,47500
E02000321,Greenwich 009,E09000011,Greenwich,34320,36400,34700,42000
E02000323,Greenwich 011,E09000011,Greenwich,33800,32240,40200,43200
E02000324,Greenwich 012,E09000011,Greenwich,37960,39000,42700,44700
E02000326,Greenwich 014,E09000011,Greenwich,49920,48880,56100,55700
E02000327,Greenwich 015,E09000011,Greenwich,38480,39520,41000,42000
E02000328,Greenwich 016,E09000011,Greenwich,53560,53560,60400,59100
E02000329,Greenwich 017,E09000011,Greenwich,41600,43160,43800,49700
E02000331,Greenwich 019,E09000011,Greenwich,40040,41080,47400,50000
E02000332,Greenwich 020,E09000011,Greenwich,50960,51480,50100,58800
E02000333,Greenwich 021,E09000011,Greenwich,62920,62400,67000,67800
E02000334,Greenwich 022,E09000011,Greenwich,43680,45760,46300,47700
E02000335,Greenwich 023,E09000011,Greenwich,47840,52520,54300,56600
E02000337,Greenwich 025,E09000011,Greenwich,38480,43160,43700,47900
E02000339,Greenwich 027,E09000011,Greenwich,49920,54080,52600,59600
E02000340,Greenwich 028,E09000011,Greenwich,43160,47320,48700,52800
E02000341,Greenwich 029,E09000011,Greenwich,35880,36920,40500,44500
E02000342,Greenwich 030,E09000011,Greenwich,38480,42640,41800,41000
E02000343,Greenwich 031,E09000011,Greenwich,41080,42120,46200,50600
E02000344,Greenwich 032,E09000011,Greenwich,45760,52000,51800,52100
E02000345,Hackney 001,E09000012,Hackney,50440,40040,40700,46000
E02000346,Hackney 002,E09000012,Hackney,28600,38480,34800,42100
E02000347,Hackney 003,E09000012,Hackney,44720,40040,37900,45000
E02000348,Hackney 004,E09000012,Hackney,37960,37440,34000,42300
E02000350,Hackney 006,E09000012,Hackney,47320,48360,52000,51100
E02000351,Hackney 007,E09000012,Hackney,49920,53040,52300,60500
E02000352,Hackney 008,E09000012,Hackney,44720,46800,51200,50400
E02000353,Hackney 009,E09000012,Hackney,53040,59800,59700,57000
E02000354,Hackney 010,E09000012,Hackney,33800,37440,38700,45600
E02000355,Hackney 011,E09000012,Hackney,42640,48880,46000,49700
E02000356,Hackney 012,E09000012,Hackney,52000,59280,55000,57000
E02000357,Hackney 013,E09000012,Hackney,30160,29640,39200,38800
E02000358,Hackney 014,E09000012,Hackney,39520,44200,44600,52000
E02000359,Hackney 015,E09000012,Hackney,41080,45240,45400,50100
E02000360,Hackney 016,E09000012,Hackney,33280,35880,42200,45200
E02000361,Hackney 017,E09000012,Hackney,38480,45760,47800,52200
E02000362,Hackney 018,E09000012,Hackney,35360,37440,38200,46500
E02000363,Hackney 019,E09000012,Hackney,31720,32240,33300,43000
E02000364,Hackney 020,E09000012,Hackney,47320,48880,52200,53300
E02000365,Hackney 021,E09000012,Hackney,43160,48360,49900,56000
E02000366,Hackney 022,E09000012,Hackney,37440,40560,45300,45600
E02000367,Hackney 023,E09000012,Hackney,47840,49920,48700,56900
E02000368,Hackney 024,E09000012,Hackney,32760,36400,40800,45700
E02000369,Hackney 025,E09000012,Hackney,36920,40040,42500,53100
E02000370,Hackney 026,E09000012,Hackney,36400,41600,49300,53400
E02000371,Hackney 027,E09000012,Hackney,43160,46800,48000,54300
E02000372,Hammersmith and Fulham 001,E09000013,Hammersmith and Fulham,37960,42120,43200,45900
E02000373,Hammersmith and Fulham 002,E09000013,Hammersmith and Fulham,33280,34320,34700,42000
E02000374,Hammersmith and Fulham 003,E09000013,Hammersmith and Fulham,48360,48360,43100,53900
E02000375,Hammersmith and Fulham 004,E09000013,Hammersmith and Fulham,42120,43680,41900,50100
E02000376,Hammersmith and Fulham 005,E09000013,Hammersmith and Fulham,43160,47840,45000,51100
E02000377,Hammersmith and Fulham 006,E09000013,Hammersmith and Fulham,43160,45240,46000,48800
E02000378,Hammersmith and Fulham 007,E09000013,Hammersmith and Fulham,51480,55120,53700,54700
E02000379,Hammersmith and Fulham 008,E09000013,Hammersmith and Fulham,51480,54600,53500,54400
E02000380,Hammersmith and Fulham 009,E09000013,Hammersmith and Fulham,58760,59800,61800,57700
E02000381,Hammersmith and Fulham 010,E09000013,Hammersmith and Fulham,59280,60840,59600,58100
E02000382,Hammersmith and Fulham 011,E09000013,Hammersmith and Fulham,56680,55640,58200,57500
E02000383,Hammersmith and Fulham 012,E09000013,Hammersmith and Fulham,49920,53040,57300,56900
E02000384,Hammersmith and Fulham 013,E09000013,Hammersmith and Fulham,40040,46280,47200,46700
E02000385,Hammersmith and Fulham 014,E09000013,Hammersmith and Fulham,62400,67080,66000,59400
E02000386,Hammersmith and Fulham 015,E09000013,Hammersmith and Fulham,41080,43160,44700,48300
E02000387,Hammersmith and Fulham 016,E09000013,Hammersmith and Fulham,45240,52000,55600,51700
E02000388,Hammersmith and Fulham 017,E09000013,Hammersmith and Fulham,48880,53560,56100,56600
E02000389,Hammersmith and Fulham 018,E09000013,Hammersmith and Fulham,60840,64480,65700,59500
E02000390,Hammersmith and Fulham 019,E09000013,Hammersmith and Fulham,52520,52520,59800,57600
E02000391,Hammersmith and Fulham 020,E09000013,Hammersmith and Fulham,59280,60840,62300,59900
E02000392,Hammersmith and Fulham 021,E09000013,Hammersmith and Fulham,60840,60840,68700,61900
E02000393,Hammersmith and Fulham 022,E09000013,Hammersmith and Fulham,70720,76440,84800,69400
E02000394,Hammersmith and Fulham 023,E09000013,Hammersmith and Fulham,49920,49920,57200,56300
E02000395,Hammersmith and Fulham 024,E09000013,Hammersmith and Fulham,72800,72800,69700,69500
E02000396,Hammersmith and Fulham 025,E09000013,Hammersmith and Fulham,61880,58760,63700,58900
E02000397,Haringey 001,E09000014,Haringey,39520,41600,43400,50800
E02000398,Haringey 002,E09000014,Haringey,29640,30160,32000,36900
E02000400,Haringey 004,E09000014,Haringey,46280,48880,46300,51000
E02000401,Haringey 005,E09000014,Haringey,33280,35360,36100,41400
E02000402,Haringey 006,E09000014,Haringey,31200,33800,36700,37700
E02000403,Haringey 007,E09000014,Haringey,39000,46280,48300,49400
E02000404,Haringey 008,E09000014,Haringey,37440,42120,42600,45200
E02000405,Haringey 009,E09000014,Haringey,70720,73320,68000,65500
E02000406,Haringey 010,E09000014,Haringey,35360,41600,41200,44900
E02000407,Haringey 011,E09000014,Haringey,31720,33800,39100,42600
E02000408,Haringey 012,E09000014,Haringey,32760,33280,39500,39600
E02000409,Haringey 013,E09000014,Haringey,32760,35360,34500,39900
E02000410,Haringey 014,E09000014,Haringey,63440,66560,64100,64800
E02000411,Haringey 015,E09000014,Haringey,35880,34320,38200,44000
E02000412,Haringey 016,E09000014,Haringey,34320,41600,36500,43800
E02000413,Haringey 017,E09000014,Haringey,65000,64480,56200,60100
E02000414,Haringey 018,E09000014,Haringey,40040,42120,43500,46100
E02000415,Haringey 019,E09000014,Haringey,37440,42120,44600,47000
E02000416,Haringey 020,E09000014,Haringey,42640,46280,47500,53100
E02000417,Haringey 021,E09000014,Haringey,67080,69160,64700,65800
E02000418,Haringey 022,E09000014,Haringey,67600,67080,64800,63900
E02000419,Haringey 023,E09000014,Haringey,43680,48360,43800,50000
E02000420,Haringey 024,E09000014,Haringey,32760,34840,40500,44000
E02000421,Haringey 025,E09000014,Haringey,31200,33800,35200,40300
E02000422,Haringey 026,E09000014,Haringey,36400,40560,34800,44200
E02000423,Haringey 027,E09000014,Haringey,39520,49400,48000,48900
E02000424,Haringey 028,E09000014,Haringey,56160,59800,54100,56400
E02000425,Haringey 029,E09000014,Haringey,46280,41080,38500,45800
E02000426,Haringey 030,E09000014,Haringey,62920,66040,62300,63600
E02000427,Haringey 031,E09000014,Haringey,45760,50440,61500,55500
E02000428,Haringey 032,E09000014,Haringey,32760,36920,39700,44400
E02000429,Haringey 033,E09000014,Haringey,71240,70200,69500,65800
E02000430,Haringey 034,E09000014,Haringey,68120,66040,60600,65500
E02000431,Haringey 035,E09000014,Haringey,76440,76440,70200,71300
E02000432,Haringey 036,E09000014,Haringey,53560,59800,52900,58000
E02000433,Harrow 001,E09000015,Harrow,45760,49400,52100,54300
E02000434,Harrow 002,E09000015,Harrow,49920,53560,51900,55100
E02000435,Harrow 003,E09000015,Harrow,46800,47320,51400,52200
E02000436,Harrow 004,E09000015,Harrow,60320,62920,62400,67100
E02000437,Harrow 005,E09000015,Harrow,45240,47840,50400,56200
E02000438,Harrow 006,E09000015,Harrow,45760,47320,47600,52000
E02000439,Harrow 007,E09000015,Harrow,43160,47320,48100,51100
E02000440,Harrow 008,E09000015,Harrow,56680,58760,59300,65400
E02000441,Harrow 009,E09000015,Harrow,48360,53560,53600,56900
E02000442,Harrow 010,E09000015,Harrow,46800,49400,54000,53500
E02000443,Harrow 011,E09000015,Harrow,40560,42120,45300,48200
E02000444,Harrow 012,E09000015,Harrow,47840,52000,52400,56200
E02000445,Harrow 013,E09000015,Harrow,41600,43160,45800,50600
E02000447,Harrow 015,E09000015,Harrow,53560,56160,57400,63700
E02000448,Harrow 016,E09000015,Harrow,61360,65000,62900,68600
E02000449,Harrow 017,E09000015,Harrow,39000,45240,47300,48900
E02000451,Harrow 019,E09000015,Harrow,58760,61880,62200,65000
E02000452,Harrow 020,E09000015,Harrow,49400,52520,49600,56000
E02000453,Harrow 021,E09000015,Harrow,52000,54600,54600,60000
E02000454,Harrow 022,E09000015,Harrow,65000,65520,66600,75400
E02000455,Harrow 023,E09000015,Harrow,49920,52520,53600,53600
E02000456,Harrow 024,E09000015,Harrow,50960,55120,55400,57000
E02000457,Harrow 025,E09000015,Harrow,56160,60320,57500,67000
E02000459,Harrow 027,E09000015,Harrow,40560,44720,49100,54500
E02000460,Harrow 028,E09000015,Harrow,41600,47840,48600,50400
E02000461,Harrow 029,E09000015,Harrow,57200,61360,57200,62900
E02000462,Harrow 030,E09000015,Harrow,44720,46800,49200,55100
E02000463,Harrow 031,E09000015,Harrow,42120,45240,47400,52200
E02000464,Havering 001,E09000016,Havering,33280,34320,38900,40300
E02000465,Havering 002,E09000016,Havering,32760,37440,43200,41500
E02000466,Havering 003,E09000016,Havering,38480,38480,43700,42400
E02000467,Havering 004,E09000016,Havering,29640,32760,36800,36500
E02000468,Havering 005,E09000016,Havering,37960,42120,45800,45700
E02000469,Havering 006,E09000016,Havering,33800,36400,38400,37900
E02000470,Havering 007,E09000016,Havering,42120,45240,53100,49400
E02000471,Havering 008,E09000016,Havering,45240,50440,54300,49800
E02000472,Havering 009,E09000016,Havering,41600,44720,48900,48000
E02000473,Havering 010,E09000016,Havering,45760,49920,50500,51900
E02000474,Havering 011,E09000016,Havering,38480,41080,45400,46300
E02000475,Havering 012,E09000016,Havering,47840,48360,53200,52600
E02000476,Havering 013,E09000016,Havering,37440,37960,43400,43400
E02000477,Havering 014,E09000016,Havering,47320,52520,56000,54000
E02000478,Havering 015,E09000016,Havering,53040,56680,60300,55700
E02000479,Havering 016,E09000016,Havering,41080,44720,44800,48900
E02000480,Havering 017,E09000016,Havering,41600,42120,45900,48400
E02000481,Havering 018,E09000016,Havering,41080,50440,51100,48100
E02000482,Havering 019,E09000016,Havering,52000,59280,67400,62000
E02000483,Havering 020,E09000016,Havering,37960,40560,46600,43600
E02000484,Havering 021,E09000016,Havering,44200,50960,52600,49900
E02000485,Havering 022,E09000016,Havering,44720,48880,51600,54600
E02000486,Havering 023,E09000016,Havering,42120,47320,50400,52100
E02000487,Havering 024,E09000016,Havering,53560,58240,81300,62500
E02000488,Havering 025,E09000016,Havering,43680,49400,57800,51000
E02000489,Havering 026,E09000016,Havering,38480,42120,46500,48200
E02000490,Havering 027,E09000016,Havering,36400,42120,44400,44600
E02000491,Havering 028,E09000016,Havering,35880,36400,39900,44000
E02000492,Havering 029,E09000016,Havering,40560,42640,48500,49000
E02000493,Havering 030,E09000016,Havering,38480,40040,41700,45800
E02000494,Hillingdon 001,E09000017,Hillingdon,58240,61880,56900,62000
E02000495,Hillingdon 002,E09000017,Hillingdon,47840,50960,50000,55500
E02000496,Hillingdon 003,E09000017,Hillingdon,42640,47840,51000,54200
E02000497,Hillingdon 004,E09000017,Hillingdon,49920,53560,56200,60700
E02000498,Hillingdon 005,E09000017,Hillingdon,48880,49920,55600,54700
E02000499,Hillingdon 006,E09000017,Hillingdon,55120,60320,61200,64600
E02000500,Hillingdon 007,E09000017,Hillingdon,54600,58760,63600,60400
E02000501,Hillingdon 008,E09000017,Hillingdon,51480,53560,56700,58100
E02000502,Hillingdon 009,E09000017,Hillingdon,48360,54080,56100,59200
E02000503,Hillingdon 010,E09000017,Hillingdon,53560,58240,62000,59800
E02000504,Hillingdon 011,E09000017,Hillingdon,55120,60320,63600,69100
E02000506,Hillingdon 013,E09000017,Hillingdon,55640,64480,56200,65500
E02000507,Hillingdon 014,E09000017,Hillingdon,48880,60840,55600,56000
E02000508,Hillingdon 015,E09000017,Hillingdon,39520,50960,52600,47400
E02000509,Hillingdon 016,E09000017,Hillingdon,38480,44200,53500,45800
E02000510,Hillingdon 017,E09000017,Hillingdon,46800,48360,53900,57800
E02000511,Hillingdon 018,E09000017,Hillingdon,43680,48360,51300,51300
E02000512,Hillingdon 019,E09000017,Hillingdon,38480,42120,47600,49300
E02000513,Hillingdon 020,E09000017,Hillingdon,39520,40040,43200,47000
E02000514,Hillingdon 021,E09000017,Hillingdon,43160,44720,49600,53100
E02000515,Hillingdon 022,E09000017,Hillingdon,39000,40560,48600,51700
E02000516,Hillingdon 023,E09000017,Hillingdon,45760,46800,47500,53000
E02000517,Hillingdon 024,E09000017,Hillingdon,37440,39000,48100,43800
E02000518,Hillingdon 025,E09000017,Hillingdon,38480,41080,48300,46000
E02000519,Hillingdon 026,E09000017,Hillingdon,36920,38480,48700,44600
E02000520,Hillingdon 027,E09000017,Hillingdon,39000,39520,46600,49200
E02000521,Hillingdon 028,E09000017,Hillingdon,40040,44720,49400,50300
E02000522,Hillingdon 029,E09000017,Hillingdon,40560,43680,50100,50500
E02000523,Hillingdon 030,E09000017,Hillingdon,43680,45240,48900,51600
E02000524,Hillingdon 031,E09000017,Hillingdon,41080,45240,48700,54300
E02000525,Hillingdon 032,E09000017,Hillingdon,41600,42120,48700,52200
E02000526,Hounslow 001,E09000018,Hounslow,70720,71760,76900,70100
E02000528,Hounslow 003,E09000018,Hounslow,39520,44720,49000,50200
E02000529,Hounslow 004,E09000018,Hounslow,42640,43680,46500,49500
E02000530,Hounslow 005,E09000018,Hounslow,35880,38480,41700,43800
E02000531,Hounslow 006,E09000018,Hounslow,43680,47840,51600,51200
E02000532,Hounslow 007,E09000018,Hounslow,60320,59800,60800,60700
E02000533,Hounslow 008,E09000018,Hounslow,61360,63440,63800,60500
E02000534,Hounslow 009,E09000018,Hounslow,58240,61880,59000,69000
E02000535,Hounslow 010,E09000018,Hounslow,46800,50960,50600,51500
E02000536,Hounslow 011,E09000018,Hounslow,45760,47840,49200,53100
E02000537,Hounslow 012,E09000018,Hounslow,55120,58240,52900,61500
E02000538,Hounslow 013,E09000018,Hounslow,43680,47840,46300,46300
E02000539,Hounslow 014,E09000018,Hounslow,49400,49920,53200,57100
E02000540,Hounslow 015,E09000018,Hounslow,43680,47840,49800,51600
E02000541,Hounslow 016,E09000018,Hounslow,40040,44200,45800,46900
E02000542,Hounslow 017,E09000018,Hounslow,40560,45240,47600,51400
E02000543,Hounslow 018,E09000018,Hounslow,49920,52520,51000,57400
E02000544,Hounslow 019,E09000018,Hounslow,48360,53560,52800,58400
E02000545,Hounslow 020,E09000018,Hounslow,43680,47840,47200,53100
E02000546,Hounslow 021,E09000018,Hounslow,46800,47320,47900,51700
E02000547,Hounslow 022,E09000018,Hounslow,39000,43160,47100,50600
E02000548,Hounslow 023,E09000018,Hounslow,37440,39520,47100,49000
E02000549,Hounslow 024,E09000018,Hounslow,40040,44720,47300,48800
E02000550,Hounslow 025,E09000018,Hounslow,44200,44720,47900,53700
E02000551,Hounslow 026,E09000018,Hounslow,34840,36400,41700,44100
E02000552,Hounslow 027,E09000018,Hounslow,45240,48360,52200,53500
E02000553,Hounslow 028,E09000018,Hounslow,43160,45240,46900,52700
E02000554,Islington 001,E09000019,Islington,36400,39000,38900,46300
E02000555,Islington 002,E09000019,Islington,44200,48360,48500,51600
E02000556,Islington 003,E09000019,Islington,42120,46800,51000,52100
E02000557,Islington 004,E09000019,Islington,39520,44720,49500,47100
E02000558,Islington 005,E09000019,Islington,31200,33280,39100,41600
E02000559,Islington 006,E09000019,Islington,53560,63960,59700,65100
E02000560,Islington 007,E09000019,Islington,42640,48880,47300,52700
E02000561,Islington 008,E09000019,Islington,55640,60320,64200,60300
E02000562,Islington 009,E09000019,Islington,46280,50960,56800,55500
E02000563,Islington 010,E09000019,Islington,34320,40560,43000,44500
E02000564,Islington 011,E09000019,Islington,45760,50960,52700,58700
E02000565,Islington 012,E09000019,Islington,41080,42640,46800,49000
E02000566,Islington 013,E09000019,Islington,58240,61880,67300,65600
E02000567,Islington 014,E09000019,Islington,45240,51480,59600,56000
E02000568,Islington 015,E09000019,Islington,32240,37440,41800,42600
E02000569,Islington 016,E09000019,Islington,45760,47840,50900,53300
E02000570,Islington 017,E09000019,Islington,62920,64480,72200,67200
E02000571,Islington 018,E09000019,Islington,41080,47840,52600,53600
E02000572,Islington 019,E09000019,Islington,32240,35880,38500,44400
E02000573,Islington 020,E09000019,Islington,56160,60840,67600,63500
E02000574,Islington 021,E09000019,Islington,43680,50440,55100,50900
E02000575,Islington 022,E09000019,Islington,42120,48360,60800,53800
E02000576,Islington 023,E09000019,Islington,36400,39000,55400,48900
E02000577,Kensington and Chelsea 001,E09000020,Kensington and Chelsea,31200,35880,36300,40300
E02000578,Kensington and Chelsea 002,E09000020,Kensington and Chelsea,32240,34840,40700,40000
E02000579,Kensington and Chelsea 003,E09000020,Kensington and Chelsea,42640,46800,56100,47300
E02000580,Kensington and Chelsea 004,E09000020,Kensington and Chelsea,39000,47320,46700,47100
E02000581,Kensington and Chelsea 005,E09000020,Kensington and Chelsea,32240,36400,41500,40800
E02000582,Kensington and Chelsea 006,E09000020,Kensington and Chelsea,62920,63960,66300,58500
E02000583,Kensington and Chelsea 007,E09000020,Kensington and Chelsea,67080,67080,73600,61700
E02000584,Kensington and Chelsea 008,E09000020,Kensington and Chelsea,72280,71760,77200,70900
E02000585,Kensington and Chelsea 009,E09000020,Kensington and Chelsea,61880,58760,65800,60100
E02000586,Kensington and Chelsea 010,E09000020,Kensington and Chelsea,73320,70200,91100,73900
E02000587,Kensington and Chelsea 011,E09000020,Kensington and Chelsea,69680,64480,82900,69200
E02000588,Kensington and Chelsea 012,E09000020,Kensington and Chelsea,71240,67080,76900,72600
E02000589,Kensington and Chelsea 013,E09000020,Kensington and Chelsea,56160,57200,62900,56600
E02000590,Kensington and Chelsea 014,E09000020,Kensington and Chelsea,47840,48880,51000,50600
E02000591,Kensington and Chelsea 015,E09000020,Kensington and Chelsea,44720,45760,52600,49800
E02000592,Kensington and Chelsea 016,E09000020,Kensington and Chelsea,78000,70720,81700,70100
E02000593,Kensington and Chelsea 017,E09000020,Kensington and Chelsea,56160,55640,73900,57100
E02000594,Kensington and Chelsea 018,E09000020,Kensington and Chelsea,58760,63440,65500,59900
E02000595,Kensington and Chelsea 019,E09000020,Kensington and Chelsea,60320,59800,72900,58100
E02000596,Kensington and Chelsea 020,E09000020,Kensington and Chelsea,65000,68640,79100,63300
E02000597,Kensington and Chelsea 021,E09000020,Kensington and Chelsea,40040,45240,45200,44600
E02000598,Kingston upon Thames 001,E09000021,Kingston upon Thames,66560,69680,68800,68800
E02000599,Kingston upon Thames 002,E09000021,Kingston upon Thames,59800,65520,77800,63800
E02000600,Kingston upon Thames 003,E09000021,Kingston upon Thames,56680,55120,59800,59400
E02000601,Kingston upon Thames 004,E09000021,Kingston upon Thames,61880,63960,67300,68000
E02000602,Kingston upon Thames 005,E09000021,Kingston upon Thames,40040,47840,50100,53300
E02000603,Kingston upon Thames 006,E09000021,Kingston upon Thames,45240,48360,50700,55300
E02000604,Kingston upon Thames 007,E09000021,Kingston upon Thames,55640,58240,59200,64300
E02000605,Kingston upon Thames 008,E09000021,Kingston upon Thames,53560,56680,59300,61000
E02000606,Kingston upon Thames 009,E09000021,Kingston upon Thames,55640,58240,58900,63900
E02000607,Kingston upon Thames 010,E09000021,Kingston upon Thames,55640,62920,62300,64600
E02000608,Kingston upon Thames 011,E09000021,Kingston upon Thames,50960,60840,62600,59900
E02000609,Kingston upon Thames 012,E09000021,Kingston upon Thames,48880,54080,51900,56700
E02000610,Kingston upon Thames 013,E09000021,Kingston upon Thames,48360,50440,62500,57900
E02000611,Kingston upon Thames 014,E09000021,Kingston upon Thames,57720,63440,69800,72000
E02000612,Kingston upon Thames 015,E09000021,Kingston upon Thames,54600,59280,58900,65000
E02000613,Kingston upon Thames 016,E09000021,Kingston upon Thames,53560,58760,59100,63300
E02000614,Kingston upon Thames 017,E09000021,Kingston upon Thames,46280,52000,51200,55400
E02000615,Kingston upon Thames 018,E09000021,Kingston upon Thames,46800,50960,54800,57500
E02000616,Kingston upon Thames 019,E09000021,Kingston upon Thames,49920,55120,54100,59700
E02000617,Kingston upon Thames 020,E09000021,Kingston upon Thames,45240,46800,52200,54700
E02000619,Lambeth 002,E09000022,Lambeth,38480,40040,46600,49500
E02000620,Lambeth 003,E09000022,Lambeth,48360,46800,52600,54600
E02000621,Lambeth 004,E09000022,Lambeth,46280,49920,46600,57200
E02000622,Lambeth 005,E09000022,Lambeth,47320,49400,56200,56800
E02000623,Lambeth 006,E09000022,Lambeth,37960,40040,44800,49900
E02000624,Lambeth 007,E09000022,Lambeth,39520,37960,48600,51100
E02000625,Lambeth 008,E09000022,Lambeth,36920,41080,44700,49100
E02000626,Lambeth 009,E09000022,Lambeth,31720,34840,39000,44100
E02000627,Lambeth 010,E09000022,Lambeth,45760,46800,52100,54900
E02000628,Lambeth 011,E09000022,Lambeth,33280,34840,37500,44500
E02000629,Lambeth 012,E09000022,Lambeth,57720,59800,60600,64600
E02000630,Lambeth 013,E09000022,Lambeth,57720,66560,66500,66000
E02000631,Lambeth 014,E09000022,Lambeth,52520,54600,55600,58500
E02000632,Lambeth 015,E09000022,Lambeth,61880,71240,57700,67300
E02000633,Lambeth 016,E09000022,Lambeth,39520,44200,44100,49800
E02000634,Lambeth 017,E09000022,Lambeth,45760,48880,46500,53200
E02000635,Lambeth 018,E09000022,Lambeth,47840,50440,49400,54000
E02000636,Lambeth 019,E09000022,Lambeth,79040,76440,78300,71500
E02000637,Lambeth 020,E09000022,Lambeth,53040,55120,48900,61900
E02000638,Lambeth 021,E09000022,Lambeth,40560,42640,48400,49900
E02000639,Lambeth 022,E09000022,Lambeth,36920,38480,37800,49700
E02000640,Lambeth 023,E09000022,Lambeth,61360,63960,66100,64000
E02000641,Lambeth 024,E09000022,Lambeth,35360,38480,43200,45100
E02000642,Lambeth 025,E09000022,Lambeth,50440,45760,50400,55900
E02000643,Lambeth 026,E09000022,Lambeth,48360,48880,52200,54400
E02000644,Lambeth 027,E09000022,Lambeth,49920,52000,49500,55900
E02000645,Lambeth 028,E09000022,Lambeth,50960,48880,52600,58200
E02000646,Lambeth 029,E09000022,Lambeth,48880,54600,54900,59500
E02000647,Lambeth 030,E09000022,Lambeth,48880,49400,50900,53400
E02000648,Lambeth 031,E09000022,Lambeth,36920,38480,37800,43300
E02000649,Lambeth 032,E09000022,Lambeth,45760,48360,51100,54800
E02000650,Lambeth 033,E09000022,Lambeth,43680,44720,46900,50100
E02000651,Lambeth 034,E09000022,Lambeth,46280,46800,47700,57700
E02000652,Lambeth 035,E09000022,Lambeth,43160,47320,45500,49300
E02000653,Lewisham 001,E09000023,Lewisham,41080,40560,43300,51800
E02000654,Lewisham 002,E09000023,Lewisham,32240,32760,38700,46400
E02000655,Lewisham 003,E09000023,Lewisham,36920,38480,42600,49700
E02000657,Lewisham 005,E09000023,Lewisham,41600,43160,41300,51300
E02000658,Lewisham 006,E09000023,Lewisham,43160,46280,46700,53100
E02000659,Lewisham 007,E09000023,Lewisham,52000,55120,51500,59500
E02000660,Lewisham 008,E09000023,Lewisham,49920,52520,47900,58800
E02000661,Lewisham 009,E09000023,Lewisham,56680,56680,59400,58800
E02000662,Lewisham 010,E09000023,Lewisham,41600,42120,45300,51100
E02000663,Lewisham 011,E09000023,Lewisham,50960,48880,52100,60400
E02000664,Lewisham 012,E09000023,Lewisham,39000,38480,39600,50700
E02000665,Lewisham 013,E09000023,Lewisham,51480,52000,50900,53500
E02000666,Lewisham 014,E09000023,Lewisham,49920,53040,50300,58200
E02000667,Lewisham 015,E09000023,Lewisham,54080,56160,54200,58800
E02000668,Lewisham 016,E09000023,Lewisham,56160,55120,52700,63700
E02000669,Lewisham 017,E09000023,Lewisham,48360,51480,49800,55700
E02000670,Lewisham 018,E09000023,Lewisham,40040,42640,38200,48700
E02000671,Lewisham 019,E09000023,Lewisham,49400,52520,50600,60600
E02000672,Lewisham 020,E09000023,Lewisham,38480,40040,40700,48200
E02000673,Lewisham 021,E09000023,Lewisham,58760,58760,56000,66600
E02000674,Lewisham 022,E09000023,Lewisham,46280,49400,48900,56800
E02000675,Lewisham 023,E09000023,Lewisham,48360,48880,48700,53700
E02000676,Lewisham 024,E09000023,Lewisham,48880,52520,52000,58000
E02000677,Lewisham 025,E09000023,Lewisham,46800,48880,49400,54200
E02000678,Lewisham 026,E09000023,Lewisham,39000,44200,41200,48000
E02000679,Lewisham 027,E09000023,Lewisham,44720,42640,44500,53000
E02000680,Lewisham 028,E09000023,Lewisham,43160,41600,44300,52300
E02000681,Lewisham 029,E09000023,Lewisham,37960,40560,37700,45100
E02000682,Lewisham 030,E09000023,Lewisham,38480,39000,38800,45600
E02000683,Lewisham 031,E09000023,Lewisham,36400,37960,38400,44200
E02000685,Lewisham 033,E09000023,Lewisham,41600,44720,45200,51700
E02000686,Lewisham 034,E09000023,Lewisham,34320,36920,36500,43700
E02000687,Lewisham 035,E09000023,Lewisham,44200,40560,47800,52600
E02000689,Merton 001,E09000024,Merton,72280,76960,74700,75000
E02000690,Merton 002,E09000024,Merton,71760,69680,76500,67000
E02000691,Merton 003,E09000024,Merton,70720,73840,70100,77000
E02000692,Merton 004,E09000024,Merton,70720,71240,77400,68500
E02000693,Merton 005,E09000024,Merton,52000,59280,58300,64700
E02000694,Merton 006,E09000024,Merton,62400,64480,71700,66200
E02000695,Merton 007,E09000024,Merton,44200,55120,50100,52800
E02000696,Merton 008,E09000024,Merton,43160,45760,48500,52500
E02000697,Merton 009,E09000024,Merton,74880,75920,73500,75100
E02000698,Merton 010,E09000024,Merton,70720,72800,70500,75500
E02000699,Merton 011,E09000024,Merton,70200,77480,70500,72900
E02000700,Merton 012,E09000024,Merton,40040,44200,44400,49500
E02000701,Merton 013,E09000024,Merton,40560,39000,48200,47600
E02000702,Merton 014,E09000024,Merton,41080,41600,41300,48500
E02000703,Merton 015,E09000024,Merton,62920,67080,63800,72900
E02000704,Merton 016,E09000024,Merton,50960,57200,54100,57900
E02000705,Merton 017,E09000024,Merton,44720,46280,50200,53700
E02000706,Merton 018,E09000024,Merton,34320,35880,38700,45700
E02000707,Merton 019,E09000024,Merton,40560,40560,41700,47200
E02000708,Merton 020,E09000024,Merton,57200,61360,61200,67300
E02000709,Merton 021,E09000024,Merton,52520,57720,58500,60600
E02000710,Merton 022,E09000024,Merton,39000,39000,43400,47500
E02000711,Merton 023,E09000024,Merton,40040,44720,42500,49800
E02000712,Merton 024,E09000024,Merton,39000,42120,42200,46900
E02000713,Merton 025,E09000024,Merton,47840,52520,55200,59100
E02000714,Newham 001,E09000025,Newham,40560,42120,42600,48700
E02000715,Newham 002,E09000025,Newham,34840,37960,36100,40800
E02000716,Newham 003,E09000025,Newham,36400,39520,40700,45400
E02000717,Newham 004,E09000025,Newham,35880,39000,39200,43300
E02000718,Newham 005,E09000025,Newham,34320,35360,37500,41600
E02000719,Newham 006,E09000025,Newham,36400,38480,41300,44400
E02000720,Newham 007,E09000025,Newham,42640,46280,42300,49500
E02000721,Newham 008,E09000025,Newham,36400,37440,38700,43300
E02000722,Newham 009,E09000025,Newham,40560,43160,44400,50200
E02000723,Newham 010,E09000025,Newham,42640,43680,45700,46200
E02000724,Newham 011,E09000025,Newham,41080,40560,38700,45300
E02000725,Newham 012,E09000025,Newham,38480,42120,47300,50300
E02000726,Newham 013,E09000025,Newham,36920,44200,49100,59200
E02000727,Newham 014,E09000025,Newham,39000,41600,40300,45200
E02000728,Newham 015,E09000025,Newham,41600,42120,48000,46000
E02000729,Newham 016,E09000025,Newham,39520,44200,42600,46000
E02000730,Newham 017,E09000025,Newham,39000,39520,43600,43900
E02000731,Newham 018,E09000025,Newham,39520,41080,44600,47600
E02000732,Newham 019,E09000025,Newham,33800,36400,35400,42700
E02000733,Newham 020,E09000025,Newham,37960,39000,36300,45300
E02000734,Newham 021,E09000025,Newham,35880,36920,37800,42600
E02000735,Newham 022,E09000025,Newham,34840,36400,42900,41300
E02000736,Newham 023,E09000025,Newham,36920,37440,36500,40400
E02000737,Newham 024,E09000025,Newham,38480,40040,39300,43800
E02000738,Newham 025,E09000025,Newham,43160,44200,40000,48300
E02000739,Newham 026,E09000025,Newham,35880,37440,39500,42900
E02000740,Newham 027,E09000025,Newham,35360,36400,37600,43200
E02000741,Newham 028,E09000025,Newham,38480,37960,45400,45200
E02000742,Newham 029,E09000025,Newham,38480,39000,39100,43600
E02000743,Newham 030,E09000025,Newham,30680,32760,36100,40200
E02000744,Newham 031,E09000025,Newham,35360,35360,38500,40700
E02000745,Newham 032,E09000025,Newham,39000,41080,42600,47400
E02000746,Newham 033,E09000025,Newham,32760,37440,41500,46300
E02000747,Newham 034,E09000025,Newham,37440,40040,48600,51800
E02000748,Newham 035,E09000025,Newham,39000,39520,41800,45900
E02000749,Newham 036,E09000025,Newham,33280,34320,39500,41200
E02000750,Newham 037,E09000025,Newham,47840,42640,55900,58900
E02000751,Redbridge 001,E09000026,Redbridge,56160,58240,63400,59400
E02000752,Redbridge 002,E09000026,Redbridge,35360,37440,40300,41800
E02000753,Redbridge 003,E09000026,Redbridge,38480,44200,44400,47500
E02000754,Redbridge 004,E09000026,Redbridge,46800,52000,52800,54400
E02000755,Redbridge 005,E09000026,Redbridge,44720,47320,49200,53600
E02000756,Redbridge 006,E09000026,Redbridge,42640,44720,49900,51500
E02000757,Redbridge 007,E09000026,Redbridge,57200,62400,58700,63400
E02000758,Redbridge 008,E09000026,Redbridge,43160,45240,48400,49200
E02000759,Redbridge 009,E09000026,Redbridge,51480,50960,53900,54400
E02000760,Redbridge 010,E09000026,Redbridge,41080,44200,46600,43600
E02000762,Redbridge 012,E09000026,Redbridge,49400,53560,54200,55100
E02000763,Redbridge 013,E09000026,Redbridge,47840,47840,50400,51300
E02000764,Redbridge 014,E09000026,Redbridge,52000,54600,60300,55000
E02000765,Redbridge 015,E09000026,Redbridge,49920,52000,49900,55100
E02000767,Redbridge 017,E09000026,Redbridge,46800,47840,51300,48900
E02000768,Redbridge 018,E09000026,Redbridge,61360,63960,62500,67700
E02000769,Redbridge 019,E09000026,Redbridge,44720,39520,48400,46600
E02000770,Redbridge 020,E09000026,Redbridge,46280,44720,51300,49700
E02000772,Redbridge 022,E09000026,Redbridge,44200,45760,49200,51300
E02000773,Redbridge 023,E09000026,Redbridge,48360,47320,52400,51800
E02000774,Redbridge 024,E09000026,Redbridge,44720,43160,49200,47000
E02000776,Redbridge 026,E09000026,Redbridge,46800,46280,48300,49000
E02000777,Redbridge 027,E09000026,Redbridge,52520,54600,56600,59100
E02000779,Redbridge 029,E09000026,Redbridge,42640,42120,43200,46100
E02000780,Redbridge 030,E09000026,Redbridge,43680,41080,46900,48500
E02000781,Redbridge 031,E09000026,Redbridge,44720,43680,47800,50400
E02000782,Redbridge 032,E09000026,Redbridge,37440,37440,40800,43800
E02000783,Redbridge 033,E09000026,Redbridge,38480,36400,41500,42000
E02000784,Richmond upon Thames 001,E09000027,Richmond upon Thames,66040,65000,71000,65600
E02000785,Richmond upon Thames 002,E09000027,Richmond upon Thames,75400,75400,75300,71700
E02000786,Richmond upon Thames 003,E09000027,Richmond upon Thames,64480,64480,66000,66100
E02000787,Richmond upon Thames 004,E09000027,Richmond upon Thames,60840,61360,65800,61900
E02000788,Richmond upon Thames 005,E09000027,Richmond upon Thames,72280,73840,69500,68200
E02000789,Richmond upon Thames 006,E09000027,Richmond upon Thames,68120,65000,67800,60900
E02000790,Richmond upon Thames 007,E09000027,Richmond upon Thames,89960,84240,81200,79600
E02000791,Richmond upon Thames 008,E09000027,Richmond upon Thames,74360,74360,78800,74500
E02000792,Richmond upon Thames 009,E09000027,Richmond upon Thames,71760,71240,76800,70200
E02000793,Richmond upon Thames 010,E09000027,Richmond upon Thames,52000,57200,53400,59000
E02000794,Richmond upon Thames 011,E09000027,Richmond upon Thames,69160,70200,69800,80200
E02000795,Richmond upon Thames 012,E09000027,Richmond upon Thames,70200,69160,76600,66600
E02000796,Richmond upon Thames 013,E09000027,Richmond upon Thames,47320,49400,50600,55400
E02000797,Richmond upon Thames 014,E09000027,Richmond upon Thames,69680,72280,72400,70600
E02000798,Richmond upon Thames 015,E09000027,Richmond upon Thames,57720,62400,61900,61900
E02000799,Richmond upon Thames 016,E09000027,Richmond upon Thames,66560,79040,67300,70300
E02000800,Richmond upon Thames 017,E09000027,Richmond upon Thames,48880,55120,49100,56200
E02000801,Richmond upon Thames 018,E09000027,Richmond upon Thames,71760,72280,69600,71700
E02000802,Richmond upon Thames 019,E09000027,Richmond upon Thames,60840,63440,63800,62200
E02000803,Richmond upon Thames 020,E09000027,Richmond upon Thames,47840,50960,49800,54700
E02000804,Richmond upon Thames 021,E09000027,Richmond upon Thames,64480,64480,63300,64300
E02000805,Richmond upon Thames 022,E09000027,Richmond upon Thames,58760,58760,64500,63800
E02000806,Richmond upon Thames 023,E09000027,Richmond upon Thames,58240,61360,60000,61900
E02000807,Southwark 001,E09000028,Southwark,62920,66560,69700,69100
E02000808,Southwark 002,E09000028,Southwark,47840,53560,55400,56600
E02000809,Southwark 003,E09000028,Southwark,68640,70200,75300,74200
E02000810,Southwark 004,E09000028,Southwark,40040,40040,48800,52400
E02000812,Southwark 006,E09000028,Southwark,40560,42640,50300,52200
E02000813,Southwark 007,E09000028,Southwark,38480,39520,42900,50900
E02000814,Southwark 008,E09000028,Southwark,56680,60320,63400,63300
E02000815,Southwark 009,E09000028,Southwark,44200,50960,57200,54700
E02000816,Southwark 010,E09000028,Southwark,37440,39520,39700,47800
E02000817,Southwark 011,E09000028,Southwark,31200,33280,36300,41800
E02000818,Southwark 012,E09000028,Southwark,34840,37960,44200,46800
E02000819,Southwark 013,E09000028,Southwark,34840,37960,39200,47500
E02000820,Southwark 014,E09000028,Southwark,40040,43160,40900,50700
E02000821,Southwark 015,E09000028,Southwark,35880,35880,37800,44500
E02000822,Southwark 016,E09000028,Southwark,33800,33280,39400,43300
E02000823,Southwark 017,E09000028,Southwark,37960,41600,41900,46800
E02000824,Southwark 018,E09000028,Southwark,34840,33800,35800,43200
E02000825,Southwark 019,E09000028,Southwark,35880,36400,38500,46100
E02000826,Southwark 020,E09000028,Southwark,36920,38480,46300,45900
E02000827,Southwark 021,E09000028,Southwark,34320,33280,42300,44000
E02000828,Southwark 022,E09000028,Southwark,34320,36920,42900,45700
E02000829,Southwark 023,E09000028,Southwark,34320,35880,40300,45200
E02000830,Southwark 024,E09000028,Southwark,49920,52520,51400,56300
E02000831,Southwark 025,E09000028,Southwark,46280,47840,49100,52500
E02000832,Southwark 026,E09000028,Southwark,35880,37960,40800,45300
E02000833,Southwark 027,E09000028,Southwark,44720,49920,50400,53800
E02000834,Southwark 028,E09000028,Southwark,55120,63960,59400,62600
E02000835,Southwark 029,E09000028,Southwark,47320,49920,55200,54200
E02000836,Southwark 030,E09000028,Southwark,60840,65000,66000,67000
E02000837,Southwark 031,E09000028,Southwark,80080,73840,80700,76600
E02000838,Southwark 032,E09000028,Southwark,53560,56160,54400,59400
E02000839,Southwark 033,E09000028,Southwark,55120,53040,54400,56500
E02000840,Sutton 001,E09000029,Sutton,34840,37440,42900,44300
E02000841,Sutton 002,E09000029,Sutton,36400,41080,42200,45000
E02000842,Sutton 003,E09000029,Sutton,47320,49920,53100,55000
E02000843,Sutton 004,E09000029,Sutton,46280,46800,51300,57800
E02000844,Sutton 005,E09000029,Sutton,40040,44200,49100,48600
E02000845,Sutton 006,E09000029,Sutton,52000,52520,60300,61700
E02000846,Sutton 007,E09000029,Sutton,46800,52520,52600,57000
E02000847,Sutton 008,E09000029,Sutton,48360,50440,54700,55400
E02000848,Sutton 009,E09000029,Sutton,49920,53040,61100,58300
E02000849,Sutton 010,E09000029,Sutton,46280,49920,54000,53400
E02000850,Sutton 011,E09000029,Sutton,47320,53560,57100,57200
E02000851,Sutton 012,E09000029,Sutton,37440,40560,45400,46800
E02000852,Sutton 013,E09000029,Sutton,50440,52000,51600,62800
E02000853,Sutton 014,E09000029,Sutton,46280,50960,50300,55200
E02000854,Sutton 015,E09000029,Sutton,53560,58240,57700,65400
E02000855,Sutton 016,E09000029,Sutton,56160,62400,62400,59000
E02000856,Sutton 017,E09000029,Sutton,48360,48880,54100,55100
E02000857,Sutton 018,E09000029,Sutton,44200,48880,52000,53300
E02000858,Sutton 019,E09000029,Sutton,35880,38480,40500,44600
E02000859,Sutton 020,E09000029,Sutton,44200,49400,50900,53000
E02000860,Sutton 021,E09000029,Sutton,41080,43160,46700,48800
E02000861,Sutton 022,E09000029,Sutton,65520,69680,69500,75400
E02000863,Sutton 024,E09000029,Sutton,54080,58760,54800,59500
E02000864,Tower Hamlets 001,E09000030,Tower Hamlets,33800,36920,43100,46200
E02000865,Tower Hamlets 002,E09000030,Tower Hamlets,33800,37960,42300,44400
E02000866,Tower Hamlets 003,E09000030,Tower Hamlets,44720,48360,53900,55500
E02000867,Tower Hamlets 004,E09000030,Tower Hamlets,42640,48360,57200,57000
E02000868,Tower Hamlets 005,E09000030,Tower Hamlets,40040,45240,50200,55100
E02000869,Tower Hamlets 006,E09000030,Tower Hamlets,36920,43160,44300,48900
E02000870,Tower Hamlets 007,E09000030,Tower Hamlets,38480,44200,45300,49300
E02000871,Tower Hamlets 008,E09000030,Tower Hamlets,33280,35880,39200,48300
E02000872,Tower Hamlets 009,E09000030,Tower Hamlets,36920,44720,47000,58200
E02000873,Tower Hamlets 010,E09000030,Tower Hamlets,34840,40040,43500,45700
E02000874,Tower Hamlets 011,E09000030,Tower Hamlets,31200,37960,35400,45500
E02000875,Tower Hamlets 012,E09000030,Tower Hamlets,31200,37440,44300,51200
E02000876,Tower Hamlets 013,E09000030,Tower Hamlets,32240,40040,54800,51700
E02000877,Tower Hamlets 014,E09000030,Tower Hamlets,33280,39000,41400,48000
E02000878,Tower Hamlets 015,E09000030,Tower Hamlets,33800,44720,50800,53100
E02000879,Tower Hamlets 016,E09000030,Tower Hamlets,31720,35880,44600,44500
E02000880,Tower Hamlets 017,E09000030,Tower Hamlets,33280,37960,42200,47900
E02000881,Tower Hamlets 018,E09000030,Tower Hamlets,34320,33800,39300,45000
E02000882,Tower Hamlets 019,E09000030,Tower Hamlets,34840,35880,41300,50700
E02000883,Tower Hamlets 020,E09000030,Tower Hamlets,29640,31720,39400,41700
E02000884,Tower Hamlets 021,E09000030,Tower Hamlets,37960,48880,54100,65300
E02000885,Tower Hamlets 022,E09000030,Tower Hamlets,31200,34320,42000,43200
E02000886,Tower Hamlets 023,E09000030,Tower Hamlets,45240,48360,58400,58600
E02000887,Tower Hamlets 024,E09000030,Tower Hamlets,32760,36400,43400,47600
E02000888,Tower Hamlets 025,E09000030,Tower Hamlets,47320,45760,58700,62600
E02000889,Tower Hamlets 026,E09000030,Tower Hamlets,47840,52520,60600,60700
E02000890,Tower Hamlets 027,E09000030,Tower Hamlets,70200,71240,79100,70900
E02000891,Tower Hamlets 028,E09000030,Tower Hamlets,50960,52000,78000,68500
E02000893,Tower Hamlets 030,E09000030,Tower Hamlets,42120,45240,52000,53800
E02000894,Tower Hamlets 031,E09000030,Tower Hamlets,59280,60840,63500,68800
E02000895,Waltham Forest 001,E09000031,Waltham Forest,37440,39520,44600,45500
E02000896,Waltham Forest 002,E09000031,Waltham Forest,47840,50960,51300,55200
E02000897,Waltham Forest 003,E09000031,Waltham Forest,37440,40560,46100,44800
E02000898,Waltham Forest 004,E09000031,Waltham Forest,41080,42120,48200,47200
E02000899,Waltham Forest 005,E09000031,Waltham Forest,40040,41600,46600,49900
E02000900,Waltham Forest 006,E09000031,Waltham Forest,38480,42640,43200,46900
E02000901,Waltham Forest 007,E09000031,Waltham Forest,48880,52520,54600,62400
E02000902,Waltham Forest 008,E09000031,Waltham Forest,43680,43160,45400,49200
E02000903,Waltham Forest 009,E09000031,Waltham Forest,36400,39520,37400,44100
E02000904,Waltham Forest 010,E09000031,Waltham Forest,48360,45760,49100,56400
E02000905,Waltham Forest 011,E09000031,Waltham Forest,43160,42120,48100,54500
E02000906,Waltham Forest 012,E09000031,Waltham Forest,41080,41080,45000,51700
E02000907,Waltham Forest 013,E09000031,Waltham Forest,33800,32240,37100,42100
E02000908,Waltham Forest 014,E09000031,Waltham Forest,40040,41600,40300,50700
E02000909,Waltham Forest 015,E09000031,Waltham Forest,45240,46280,51900,53700
E02000910,Waltham Forest 016,E09000031,Waltham Forest,41080,43680,48600,50500
E02000911,Waltham Forest 017,E09000031,Waltham Forest,37960,41080,45000,50900
E02000912,Waltham Forest 018,E09000031,Waltham Forest,40040,43160,44700,48100
E02000913,Waltham Forest 019,E09000031,Waltham Forest,44200,44200,44200,50300
E02000914,Waltham Forest 020,E09000031,Waltham Forest,33280,36400,37700,42500
E02000915,Waltham Forest 021,E09000031,Waltham Forest,45240,49400,49400,54000
E02000916,Waltham Forest 022,E09000031,Waltham Forest,40040,39000,43400,54700
E02000917,Waltham Forest 023,E09000031,Waltham Forest,44200,43680,47400,52700
E02000918,Waltham Forest 024,E09000031,Waltham Forest,42640,42640,40900,49800
E02000919,Waltham Forest 025,E09000031,Waltham Forest,44720,50440,43700,53300
E02000920,Waltham Forest 026,E09000031,Waltham Forest,37440,40560,38700,46700
E02000921,Waltham Forest 027,E09000031,Waltham Forest,36920,37960,38400,44000
E02000922,Waltham Forest 028,E09000031,Waltham Forest,40040,41080,38400,51100
E02000923,Wandsworth 001,E09000032,Wandsworth,58760,61360,65000,63200
E02000924,Wandsworth 002,E09000032,Wandsworth,40560,47320,44500,54100
E02000925,Wandsworth 003,E09000032,Wandsworth,40560,43680,48000,50400
E02000926,Wandsworth 004,E09000032,Wandsworth,57720,60320,61000,66400
E02000927,Wandsworth 005,E09000032,Wandsworth,50960,56680,54300,58900
E02000928,Wandsworth 006,E09000032,Wandsworth,73840,76440,81100,71500
E02000929,Wandsworth 007,E09000032,Wandsworth,35880,36920,41700,47000
E02000930,Wandsworth 008,E09000032,Wandsworth,67600,72800,66800,73000
E02000931,Wandsworth 009,E09000032,Wandsworth,87880,88920,88800,80600
E02000932,Wandsworth 010,E09000032,Wandsworth,83200,85800,75600,75500
E02000933,Wandsworth 011,E09000032,Wandsworth,67600,68120,67000,68500
E02000934,Wandsworth 012,E09000032,Wandsworth,63440,70720,63800,65900
E02000935,Wandsworth 013,E09000032,Wandsworth,32240,38480,38100,38400
E02000936,Wandsworth 014,E09000032,Wandsworth,61360,67600,68300,66300
E02000937,Wandsworth 015,E09000032,Wandsworth,78000,78520,87600,74000
E02000938,Wandsworth 016,E09000032,Wandsworth,41080,44720,49500,52500
E02000939,Wandsworth 017,E09000032,Wandsworth,81640,75920,96900,77300
E02000940,Wandsworth 018,E09000032,Wandsworth,46800,48880,57800,58200
E02000941,Wandsworth 019,E09000032,Wandsworth,64480,68640,72700,71900
E02000942,Wandsworth 020,E09000032,Wandsworth,72800,75920,73600,71300
E02000943,Wandsworth 021,E09000032,Wandsworth,71760,77480,74100,71800
E02000944,Wandsworth 022,E09000032,Wandsworth,44200,48360,48700,51400
E02000945,Wandsworth 023,E09000032,Wandsworth,34840,40560,37500,41400
E02000946,Wandsworth 024,E09000032,Wandsworth,49920,58760,59200,62700
E02000947,Wandsworth 025,E09000032,Wandsworth,70720,74880,71200,76700
E02000948,Wandsworth 026,E09000032,Wandsworth,64480,69160,68200,69000
E02000949,Wandsworth 027,E09000032,Wandsworth,68120,77480,76400,73500
E02000950,Wandsworth 028,E09000032,Wandsworth,57200,59280,50400,61800
E02000951,Wandsworth 029,E09000032,Wandsworth,56160,61360,61700,63500
E02000952,Wandsworth 030,E09000032,Wandsworth,57720,60320,66300,61600
E02000953,Wandsworth 031,E09000032,Wandsworth,60320,66040,68000,63100
E02000954,Wandsworth 032,E09000032,Wandsworth,56680,58760,56600,60700
E02000955,Wandsworth 033,E09000032,Wandsworth,43160,43160,45500,53600
E02000956,Wandsworth 034,E09000032,Wandsworth,42120,45760,47900,51300
E02000957,Wandsworth 035,E09000032,Wandsworth,45760,48880,49400,56300
E02000958,Wandsworth 036,E09000032,Wandsworth,50960,52520,58200,59800
E02000959,Wandsworth 037,E09000032,Wandsworth,42640,43680,48400,52800
E02000960,Westminster 001,E09000033,Westminster,54600,57200,70500,59900
E02000961,Westminster 002,E09000033,Westminster,52520,55640,60400,59600
E02000962,Westminster 003,E09000033,Westminster,43680,45240,55100,53500
E02000963,Westminster 004,E09000033,Westminster,34320,39520,43700,44500
E02000964,Westminster 005,E09000033,Westminster,35880,40040,47100,46700
E02000965,Westminster 006,E09000033,Westminster,57200,61360,62100,63000
E02000966,Westminster 007,E09000033,Westminster,60840,66040,67800,65100
E02000967,Westminster 008,E09000033,Westminster,61360,64480,75900,71200
E02000968,Westminster 009,E09000033,Westminster,31200,34840,38700,39800
E02000969,Westminster 010,E09000033,Westminster,32240,37960,41600,42600
E02000970,Westminster 011,E09000033,Westminster,67080,67080,83600,73500
E02000971,Westminster 012,E09000033,Westminster,54080,58240,65200,60700
E02000972,Westminster 013,E09000033,Westminster,47320,56160,52800,54000
E02000973,Westminster 014,E09000033,Westminster,53040,57720,59900,56500
E02000974,Westminster 015,E09000033,Westminster,46280,50960,61100,55900
E02000975,Westminster 016,E09000033,Westminster,61360,64480,65300,66700
E02000976,Westminster 017,E09000033,Westminster,52000,55640,59600,57300
E02000977,Westminster 018,E09000033,Westminster,51480,56160,68800,59000
E02000978,Westminster 019,E09000033,Westminster,63960,67080,93800,56300
E02000979,Westminster 020,E09000033,Westminster,53040,54080,58600,57500
E02000980,Westminster 021,E09000033,Westminster,45240,46280,49400,53000
E02000981,Westminster 022,E09000033,Westminster,57200,62920,66900,61900
E02000982,Westminster 023,E09000033,Westminster,42640,43680,51100,50300
E02000983,Westminster 024,E09000033,Westminster,45240,46800,48800,51700
